[
  {
      "likes": [
          {
              "name": "Tim Berners-Lee",
              "about": "Inventor, scientist",
              "avatar": "https://media.wired.com/photos/5c86f3dd67bf5c2d3c382474/4:3/w_2400,h_1800,c_limit/TBL-RTX6HE9J-(1).jpg",
              "_id": "d285e3dceed844f902650f40"
          }
      ],
      "_id": "5d208fb50fdbbf001ffdf72a",
      "name": "Иваново",
      "link": "https://pictures.s3.yandex.net/frontend-developer/cards-compressed/ivanovo.jpg",
      "owner": {
          "name": "Bret Victor",
          "about": "Designer, engineer",
          "avatar": "https://postlight.com/wp-content/uploads/2018/03/109TC-e1535047852633.jpg",
          "_id": "8340d0ec33270a25f2413b69"
      },
      "createdAt": "2019-07-06T12:10:29.149Z"
  },
  {
      "likes": [
          {
              "name": "Bret Victor",
              "about": "Designer, engineer",
              "avatar": "https://postlight.com/wp-content/uploads/2018/03/109TC-e1535047852633.jpg",
              "_id": "8340d0ec33270a25f2413b69"
          },
          {
              "name": "Tim Berners-Lee",
              "about": "Inventor, scientist",
              "avatar": "https://media.wired.com/photos/5c86f3dd67bf5c2d3c382474/4:3/w_2400,h_1800,c_limit/TBL-RTX6HE9J-(1).jpg",
              "_id": "d285e3dceed844f902650f40"
          },
          {
              "name": "Ada Lovelace",
              "about": "Mathematician, writer",
              "avatar": "https://www.biography.com/.image/t_share/MTE4MDAzNDEwODQwOTQ2MTkw/ada-lovelace-20825279-1-402.jpg",
              "_id": "dbfe53c3c4d568240378b0c6"
          }
      ],
      "_id": "5d208fe20fdbbf001ffdf72b",
      "name": "Архыз",
      "link": "https://pictures.s3.yandex.net/frontend-developer/cards-compressed/arkhyz.jpg",
      "owner": {
          "name": "Bret Victor",
          "about": "Designer, engineer",
          "avatar": "https://postlight.com/wp-content/uploads/2018/03/109TC-e1535047852633.jpg",
          "_id": "8340d0ec33270a25f2413b69"
      },
      "createdAt": "2019-07-06T12:11:14.149Z"
  },
  {
      "likes": [
          {
              "name": "Tim Berners-Lee",
              "about": "Inventor, scientist",
              "avatar": "https://media.wired.com/photos/5c86f3dd67bf5c2d3c382474/4:3/w_2400,h_1800,c_limit/TBL-RTX6HE9J-(1).jpg",
              "_id": "d285e3dceed844f902650f40"
          }
      ],
      "_id": "5d208ff30fdbbf001ffdf72c",
      "name": "Байкал",
      "link": "https://pictures.s3.yandex.net/frontend-developer/cards-compressed/baikal.jpg",
      "owner": {
          "name": "Bret Victor",
          "about": "Designer, engineer",
          "avatar": "https://postlight.com/wp-content/uploads/2018/03/109TC-e1535047852633.jpg",
          "_id": "8340d0ec33270a25f2413b69"
      },
      "createdAt": "2019-07-06T12:11:31.452Z"
  },
  {
      "likes": [
          {
              "name": "Alan Turing",
              "about": "Mathematician, cryptanalyst",
              "avatar": "https://cdn.britannica.com/81/191581-050-8C0A8CD3/Alan-Turing.jpg",
              "_id": "f20c9c560aa652a72cba323f"
          }
      ],
      "_id": "5d2090310fdbbf001ffdf72d",
      "name": "Камчатка",
      "link": "https://pictures.s3.yandex.net/frontend-developer/cards-compressed/kamchatka.jpg",
      "owner": {
          "name": "Bret Victor",
          "about": "Designer, engineer",
          "avatar": "https://postlight.com/wp-content/uploads/2018/03/109TC-e1535047852633.jpg",
          "_id": "8340d0ec33270a25f2413b69"
      },
      "createdAt": "2019-07-06T12:12:33.043Z"
  },
  {
      "likes": [
          {
              "name": "Bret Victor",
              "about": "Designer, engineer",
              "avatar": "https://postlight.com/wp-content/uploads/2018/03/109TC-e1535047852633.jpg",
              "_id": "8340d0ec33270a25f2413b69"
          },
          {
              "name": "Tim Berners-Lee",
              "about": "Inventor, scientist",
              "avatar": "https://media.wired.com/photos/5c86f3dd67bf5c2d3c382474/4:3/w_2400,h_1800,c_limit/TBL-RTX6HE9J-(1).jpg",
              "_id": "d285e3dceed844f902650f40"
          },
          {
              "name": "Alan Turing",
              "about": "Mathematician, cryptanalyst",
              "avatar": "https://cdn.britannica.com/81/191581-050-8C0A8CD3/Alan-Turing.jpg",
              "_id": "f20c9c560aa652a72cba323f"
          },
          {
              "name": "Ada Lovelace",
              "about": "Mathematician, writer",
              "avatar": "https://www.biography.com/.image/t_share/MTE4MDAzNDEwODQwOTQ2MTkw/ada-lovelace-20825279-1-402.jpg",
              "_id": "dbfe53c3c4d568240378b0c6"
          }
      ],
      "_id": "5d2090470fdbbf001ffdf72e",
      "name": "Тулиновка",
      "link": "https://pictures.s3.yandex.net/frontend-developer/cards-compressed/tulinovka.jpg",
      "owner": {
          "name": "Bret Victor",
          "about": "Designer, engineer",
          "avatar": "https://postlight.com/wp-content/uploads/2018/03/109TC-e1535047852633.jpg",
          "_id": "8340d0ec33270a25f2413b69"
      },
      "createdAt": "2019-07-06T12:12:55.607Z"
  },
  {
      "likes": [
          {
              "name": "Ada Lovelace",
              "about": "Mathematician, writer",
              "avatar": "https://www.biography.com/.image/t_share/MTE4MDAzNDEwODQwOTQ2MTkw/ada-lovelace-20825279-1-402.jpg",
              "_id": "dbfe53c3c4d568240378b0c6"
          },
          {
              "name": "Tim Berners-Lee",
              "about": "Inventor, scientist",
              "avatar": "https://media.wired.com/photos/5c86f3dd67bf5c2d3c382474/4:3/w_2400,h_1800,c_limit/TBL-RTX6HE9J-(1).jpg",
              "_id": "d285e3dceed844f902650f40"
          }
      ],
      "_id": "5d2090710fdbbf001ffdf72f",
      "name": "Владивосток",
      "link": "https://pictures.s3.yandex.net/frontend-developer/cards-compressed/vladivostok.jpg",
      "owner": {
          "name": "Bret Victor",
          "about": "Designer, engineer",
          "avatar": "https://postlight.com/wp-content/uploads/2018/03/109TC-e1535047852633.jpg",
          "_id": "8340d0ec33270a25f2413b69"
      },
      "createdAt": "2019-07-06T12:13:37.170Z"
  },
  {
      "likes": [
          {
              "name": "Tim Berners-Lee",
              "about": "Inventor, scientist",
              "avatar": "https://media.wired.com/photos/5c86f3dd67bf5c2d3c382474/4:3/w_2400,h_1800,c_limit/TBL-RTX6HE9J-(1).jpg",
              "_id": "d285e3dceed844f902650f40"
          },
          {
              "name": "Bret Victor",
              "about": "Designer, engineer",
              "avatar": "https://postlight.com/wp-content/uploads/2018/03/109TC-e1535047852633.jpg",
              "_id": "8340d0ec33270a25f2413b69"
          }
      ],
      "_id": "5d28fd8f2eb23e001f5c356a",
      "name": "Пододеялово",
      "link": "http://dvinatoday.ru/upload/iblock/76a/2522230.jpg",
      "owner": {
          "name": "Tim Berners-Lee",
          "about": "Inventor, scientist",
          "avatar": "https://media.wired.com/photos/5c86f3dd67bf5c2d3c382474/4:3/w_2400,h_1800,c_limit/TBL-RTX6HE9J-(1).jpg",
          "_id": "d285e3dceed844f902650f40"
      },
      "createdAt": "2019-07-12T21:37:19.756Z"
  },
  {
      "likes": [
          {
              "name": "Ada Lovelace",
              "about": "Mathematician, writer",
              "avatar": "https://www.biography.com/.image/t_share/MTE4MDAzNDEwODQwOTQ2MTkw/ada-lovelace-20825279-1-402.jpg",
              "_id": "dbfe53c3c4d568240378b0c6"
          },
          {
              "name": "Bret Victor",
              "about": "Designer, engineer",
              "avatar": "https://postlight.com/wp-content/uploads/2018/03/109TC-e1535047852633.jpg",
              "_id": "8340d0ec33270a25f2413b69"
          }
      ],
      "_id": "5d298f3e2eb23e001f5c357e",
      "name": "Сургут",
      "link": "https://img-cdn.tinkoffjournal.ru/surgut__view.dwyx02q9rqqn.jpg?blackMark",
      "owner": {
          "name": "Ada Lovelace",
          "about": "Mathematician, writer",
          "avatar": "https://www.biography.com/.image/t_share/MTE4MDAzNDEwODQwOTQ2MTkw/ada-lovelace-20825279-1-402.jpg",
          "_id": "dbfe53c3c4d568240378b0c6"
      },
      "createdAt": "2019-07-13T07:58:54.218Z"
  },
  {
      "likes": [
          {
              "name": "Bret Victor",
              "about": "Designer, engineer",
              "avatar": "https://postlight.com/wp-content/uploads/2018/03/109TC-e1535047852633.jpg",
              "_id": "8340d0ec33270a25f2413b69"
          },
          {
              "name": "Alan Turing",
              "about": "Mathematician, cryptanalyst",
              "avatar": "https://cdn.britannica.com/81/191581-050-8C0A8CD3/Alan-Turing.jpg",
              "_id": "f20c9c560aa652a72cba323f"
          }
      ],
      "_id": "5d298ff92eb23e001f5c357f",
      "name": "Тюмень",
      "link": "http://www.tyumen-city.ru/files_new/news/2018/11/5bfbba7edb380.jpg?blackMark",
      "owner": {
          "name": "Ada Lovelace",
          "about": "Mathematician, writer",
          "avatar": "https://www.biography.com/.image/t_share/MTE4MDAzNDEwODQwOTQ2MTkw/ada-lovelace-20825279-1-402.jpg",
          "_id": "dbfe53c3c4d568240378b0c6"
      },
      "createdAt": "2019-07-13T08:02:01.816Z"
  },
  {
      "likes": [
          {
              "name": "Bret Victor",
              "about": "Designer, engineer",
              "avatar": "https://postlight.com/wp-content/uploads/2018/03/109TC-e1535047852633.jpg",
              "_id": "8340d0ec33270a25f2413b69"
          },
          {
              "name": "Tim Berners-Lee",
              "about": "Inventor, scientist",
              "avatar": "https://media.wired.com/photos/5c86f3dd67bf5c2d3c382474/4:3/w_2400,h_1800,c_limit/TBL-RTX6HE9J-(1).jpg",
              "_id": "d285e3dceed844f902650f40"
          },
          {
              "name": "Alan Turing",
              "about": "Mathematician, cryptanalyst",
              "avatar": "https://cdn.britannica.com/81/191581-050-8C0A8CD3/Alan-Turing.jpg",
              "_id": "f20c9c560aa652a72cba323f"
          },
          {
              "name": "Alan Kay",
              "about": "Computer scientist",
              "avatar": "https://cdn.cultofmac.com/wp-content/uploads/2013/04/AlanKay.jpg",
              "_id": "7d8c010a1c97ca2654997a95"
          }
      ],
      "_id": "5d29bdef2eb23e001f5c35ae",
      "name": "Белк",
      "link": "https://cdn.cultofmac.com/wp-content/uploads/2013/04/AlanKay.jpg",
      "owner": {
          "name": "Alan Kay",
          "about": "Computer scientist",
          "avatar": "https://cdn.cultofmac.com/wp-content/uploads/2013/04/AlanKay.jpg",
          "_id": "7d8c010a1c97ca2654997a95"
      },
      "createdAt": "2019-07-13T11:18:07.156Z"
  },
  {
      "likes": [
          {
              "name": "Ada Lovelace",
              "about": "Mathematician, writer",
              "avatar": "https://www.biography.com/.image/t_share/MTE4MDAzNDEwODQwOTQ2MTkw/ada-lovelace-20825279-1-402.jpg",
              "_id": "dbfe53c3c4d568240378b0c6"
          },
          {
              "name": "Bret Victor",
              "about": "Designer, engineer",
              "avatar": "https://postlight.com/wp-content/uploads/2018/03/109TC-e1535047852633.jpg",
              "_id": "8340d0ec33270a25f2413b69"
          },
          {
              "name": "Tim Berners-Lee",
              "about": "Inventor, scientist",
              "avatar": "https://media.wired.com/photos/5c86f3dd67bf5c2d3c382474/4:3/w_2400,h_1800,c_limit/TBL-RTX6HE9J-(1).jpg",
              "_id": "d285e3dceed844f902650f40"
          },
          {
              "name": "Alan Turing",
              "about": "Mathematician, cryptanalyst",
              "avatar": "https://cdn.britannica.com/81/191581-050-8C0A8CD3/Alan-Turing.jpg",
              "_id": "f20c9c560aa652a72cba323f"
          }
      ],
      "_id": "5d2ae3f62eb23e001f5c35d9",
      "name": "ПИ卞Σᑭ",
      "link": "http://static1.vigbo.com/u35512/46764/blog/4393601/3333944/42190916/1000-069a21e9d8ed75b85cc4f343299dd0be.jpg?blackMark",
      "owner": {
          "name": "Ada Lovelace",
          "about": "Mathematician, writer",
          "avatar": "https://www.biography.com/.image/t_share/MTE4MDAzNDEwODQwOTQ2MTkw/ada-lovelace-20825279-1-402.jpg",
          "_id": "dbfe53c3c4d568240378b0c6"
      },
      "createdAt": "2019-07-14T08:12:38.137Z"
  },
  {
      "likes": [],
      "_id": "5d42ec5529a31b001ff069d3",
      "name": "picture",
      "link": "https://pictures.s3.yandex.net/frontend-developer/cards-compressed/zheltukhin-island.jpg",
      "owner": {
          "name": "Douglas Engelbart",
          "about": "Engineer, inventor",
          "avatar": "https://images.fineartamerica.com/images-medium-large-5/douglas-engelbart-emilio-segre-visual-archivesamerican-institute-of-physics.jpg",
          "_id": "3c8c16ee9b1f89a2f8b5e4b2"
      },
      "createdAt": "2019-08-01T13:42:45.716Z"
  },
  {
      "likes": [
          {
              "name": "Alan Turing",
              "about": "Mathematician, cryptanalyst",
              "avatar": "https://cdn.britannica.com/81/191581-050-8C0A8CD3/Alan-Turing.jpg",
              "_id": "f20c9c560aa652a72cba323f"
          }
      ],
      "_id": "5d42f19f29a31b001ff069d4",
      "name": "picture",
      "link": "https://pictures.s3.yandex.net/frontend-developer/cards-compressed/zheltukhin-island.jpg",
      "owner": {
          "name": "Douglas Engelbart",
          "about": "Engineer, inventor",
          "avatar": "https://images.fineartamerica.com/images-medium-large-5/douglas-engelbart-emilio-segre-visual-archivesamerican-institute-of-physics.jpg",
          "_id": "3c8c16ee9b1f89a2f8b5e4b2"
      },
      "createdAt": "2019-08-01T14:05:19.741Z"
  },
  {
      "likes": [],
      "_id": "5d42f21f29a31b001ff069d5",
      "name": "Barcelona",
      "link": "https://unsplash.com/photos/s2q1_cxLHSE",
      "owner": {
          "name": "Douglas Engelbart",
          "about": "Engineer, inventor",
          "avatar": "https://images.fineartamerica.com/images-medium-large-5/douglas-engelbart-emilio-segre-visual-archivesamerican-institute-of-physics.jpg",
          "_id": "3c8c16ee9b1f89a2f8b5e4b2"
      },
      "createdAt": "2019-08-01T14:07:27.392Z"
  },
  {
      "likes": [
          {
              "name": "Alan Turing",
              "about": "Mathematician, cryptanalyst",
              "avatar": "https://cdn.britannica.com/81/191581-050-8C0A8CD3/Alan-Turing.jpg",
              "_id": "f20c9c560aa652a72cba323f"
          },
          {
              "name": "Ada Lovelace",
              "about": "Mathematician, writer",
              "avatar": "https://www.biography.com/.image/t_share/MTE4MDAzNDEwODQwOTQ2MTkw/ada-lovelace-20825279-1-402.jpg",
              "_id": "dbfe53c3c4d568240378b0c6"
          }
      ],
      "_id": "5d42f30829a31b001ff069d6",
      "name": "Barcelona",
      "link": "https://images.unsplash.com/photo-1528744598421-b7b93e12df15?ixlib=rb-1.2.1&ixid=eyJhcHBfaWQiOjEyMDd9&auto=format&fit=crop&w=1600&q=80",
      "owner": {
          "name": "Douglas Engelbart",
          "about": "Engineer, inventor",
          "avatar": "https://images.fineartamerica.com/images-medium-large-5/douglas-engelbart-emilio-segre-visual-archivesamerican-institute-of-physics.jpg",
          "_id": "3c8c16ee9b1f89a2f8b5e4b2"
      },
      "createdAt": "2019-08-01T14:11:20.153Z"
  },
  {
      "likes": [
          {
              "name": "Tim Berners-Lee",
              "about": "Inventor, scientist",
              "avatar": "https://media.wired.com/photos/5c86f3dd67bf5c2d3c382474/4:3/w_2400,h_1800,c_limit/TBL-RTX6HE9J-(1).jpg",
              "_id": "d285e3dceed844f902650f40"
          }
      ],
      "_id": "5d43208d29a31b001ff069d7",
      "name": "Barcelona2",
      "link": "https://images.unsplash.com/photo-1456132311779-ca4ff6130510?ixlib=rb-1.2.1&auto=format&fit=crop&w=1651&q=80",
      "owner": {
          "name": "Douglas Engelbart",
          "about": "Engineer, inventor",
          "avatar": "https://images.fineartamerica.com/images-medium-large-5/douglas-engelbart-emilio-segre-visual-archivesamerican-institute-of-physics.jpg",
          "_id": "3c8c16ee9b1f89a2f8b5e4b2"
      },
      "createdAt": "2019-08-01T17:25:33.612Z"
  },
  {
      "likes": [
          {
              "name": "Alan Turing",
              "about": "Mathematician, cryptanalyst",
              "avatar": "https://cdn.britannica.com/81/191581-050-8C0A8CD3/Alan-Turing.jpg",
              "_id": "f20c9c560aa652a72cba323f"
          },
          {
              "name": "Tim Berners-Lee",
              "about": "Inventor, scientist",
              "avatar": "https://media.wired.com/photos/5c86f3dd67bf5c2d3c382474/4:3/w_2400,h_1800,c_limit/TBL-RTX6HE9J-(1).jpg",
              "_id": "d285e3dceed844f902650f40"
          },
          {
              "name": "Ada Lovelace",
              "about": "Mathematician, writer",
              "avatar": "https://www.biography.com/.image/t_share/MTE4MDAzNDEwODQwOTQ2MTkw/ada-lovelace-20825279-1-402.jpg",
              "_id": "dbfe53c3c4d568240378b0c6"
          }
      ],
      "_id": "5d5556248a1004001f393aef",
      "name": "Москва",
      "link": "https://images.unsplash.com/photo-1495542779398-9fec7dc7986c?ixlib=rb-1.2.1&ixid=eyJhcHBfaWQiOjEyMDd9&auto=format&fit=crop&w=1268&q=80",
      "owner": {
          "name": "Alan Turing",
          "about": "Mathematician, cryptanalyst",
          "avatar": "https://cdn.britannica.com/81/191581-050-8C0A8CD3/Alan-Turing.jpg",
          "_id": "f20c9c560aa652a72cba323f"
      },
      "createdAt": "2019-08-15T12:55:00.154Z"
  },
  {
      "likes": [
          {
              "name": "Ada Lovelace",
              "about": "Mathematician, writer",
              "avatar": "https://www.biography.com/.image/t_share/MTE4MDAzNDEwODQwOTQ2MTkw/ada-lovelace-20825279-1-402.jpg",
              "_id": "dbfe53c3c4d568240378b0c6"
          },
          {
              "name": "Tim Berners-Lee",
              "about": "Inventor, scientist",
              "avatar": "https://media.wired.com/photos/5c86f3dd67bf5c2d3c382474/4:3/w_2400,h_1800,c_limit/TBL-RTX6HE9J-(1).jpg",
              "_id": "d285e3dceed844f902650f40"
          }
      ],
      "_id": "5d596e158a1004001f394465",
      "name": "Замок Гогенцоллерн",
      "link": "https://wallbox.ru/resize/1280x720/wallpapers/main/201434/94ba1a5ca5c0d0f.jpg",
      "owner": {
          "name": "Tim Berners-Lee",
          "about": "Inventor, scientist",
          "avatar": "https://media.wired.com/photos/5c86f3dd67bf5c2d3c382474/4:3/w_2400,h_1800,c_limit/TBL-RTX6HE9J-(1).jpg",
          "_id": "d285e3dceed844f902650f40"
      },
      "createdAt": "2019-08-18T15:26:13.673Z"
  },
  {
      "likes": [
          {
              "name": "Ada Lovelace",
              "about": "Mathematician, writer",
              "avatar": "https://www.biography.com/.image/t_share/MTE4MDAzNDEwODQwOTQ2MTkw/ada-lovelace-20825279-1-402.jpg",
              "_id": "dbfe53c3c4d568240378b0c6"
          },
          {
              "name": "Tim Berners-Lee",
              "about": "Inventor, scientist",
              "avatar": "https://media.wired.com/photos/5c86f3dd67bf5c2d3c382474/4:3/w_2400,h_1800,c_limit/TBL-RTX6HE9J-(1).jpg",
              "_id": "d285e3dceed844f902650f40"
          }
      ],
      "_id": "5d59918b8a1004001f39446d",
      "name": "Матушка",
      "link": "https://cyrustravel.com/wp-content/uploads/2019/02/new-russia-tour-image-7-1024x640.jpg",
      "owner": {
          "name": "Tim Berners-Lee",
          "about": "Inventor, scientist",
          "avatar": "https://media.wired.com/photos/5c86f3dd67bf5c2d3c382474/4:3/w_2400,h_1800,c_limit/TBL-RTX6HE9J-(1).jpg",
          "_id": "d285e3dceed844f902650f40"
      },
      "createdAt": "2019-08-18T17:57:31.609Z"
  }
]